{"cameraMode":{"drawMode":0,"name":"Shaded","section":"Shading Mode"},"sceneLighting":false,"audioPlay":false,"sceneViewState":{"m_AlwaysRefresh":false,"showFog":true,"showSkybox":false,"showFlares":true,"showImageEffects":true,"showParticleSystems":true,"showVisualEffectGraphs":true,"m_FxEnabled":true},"in2DMode":false,"pivot":{"x":9.549274444580079,"y":2.691730260848999,"z":18.038543701171876},"rotation":{"x":-0.0022447037044912578,"y":-0.6634305119514465,"z":-0.0019902975764125587,"w":0.7482322454452515},"size":3.5845561027526857,"orthographic":false}